filename,blastocyst_id,z_value,label
b100_z_-100.png,b100,-100,0
b100_z_-200.png,b100,-200,0
b100_z_-300.png,b100,-300,0
b100_z_0.png,b100,0,1
b100_z_100.png,b100,100,0
b100_z_200.png,b100,200,0
b100_z_300.png,b100,300,0
b101_z_-100.png,b101,-100,0
b101_z_-200.png,b101,-200,0
b101_z_-300.png,b101,-300,0
b101_z_0.png,b101,0,1
b101_z_100.png,b101,100,0
b101_z_200.png,b101,200,0
b101_z_300.png,b101,300,0
b102_z_-100.png,b102,-100,0
b102_z_-200.png,b102,-200,0
b102_z_-300.png,b102,-300,0
b102_z_0.png,b102,0,1
b102_z_100.png,b102,100,0
b102_z_200.png,b102,200,0
b102_z_300.png,b102,300,0
b103_z_-100.png,b103,-100,0
b103_z_-200.png,b103,-200,0
b103_z_-300.png,b103,-300,0
b103_z_0.png,b103,0,1
b103_z_100.png,b103,100,0
b103_z_200.png,b103,200,0
b103_z_300.png,b103,300,0
b104_z_-100.png,b104,-100,0
b104_z_-200.png,b104,-200,0
b104_z_-300.png,b104,-300,0
b104_z_0.png,b104,0,1
b104_z_100.png,b104,100,0
b104_z_200.png,b104,200,0
b104_z_300.png,b104,300,0
b105_z_-100.png,b105,-100,0
b105_z_-200.png,b105,-200,0
b105_z_-300.png,b105,-300,0
b105_z_0.png,b105,0,1
b105_z_100.png,b105,100,0
b105_z_200.png,b105,200,0
b105_z_300.png,b105,300,0
b106_z_-100.png,b106,-100,0
b106_z_-200.png,b106,-200,0
b106_z_-300.png,b106,-300,0
b106_z_0.png,b106,0,1
b106_z_100.png,b106,100,0
b106_z_200.png,b106,200,0
b106_z_300.png,b106,300,0
b107_z_-100.png,b107,-100,0
b107_z_-200.png,b107,-200,0
b107_z_-300.png,b107,-300,0
b107_z_0.png,b107,0,1
b107_z_100.png,b107,100,0
b107_z_200.png,b107,200,0
b107_z_300.png,b107,300,0
b108_z_-100.png,b108,-100,0
b108_z_-200.png,b108,-200,0
b108_z_-300.png,b108,-300,0
b108_z_0.png,b108,0,1
b108_z_100.png,b108,100,0
b108_z_200.png,b108,200,0
b108_z_300.png,b108,300,0
b109_z_-100.png,b109,-100,0
b109_z_-200.png,b109,-200,0
b109_z_-300.png,b109,-300,0
b109_z_0.png,b109,0,1
b109_z_100.png,b109,100,0
b109_z_200.png,b109,200,0
b109_z_300.png,b109,300,0
b10_z_-100.png,b10,-100,0
b10_z_-200.png,b10,-200,0
b10_z_-300.png,b10,-300,0
b10_z_0.png,b10,0,1
b10_z_100.png,b10,100,0
b10_z_200.png,b10,200,0
b10_z_300.png,b10,300,0
b110_z_-100.png,b110,-100,0
b110_z_-200.png,b110,-200,0
b110_z_-300.png,b110,-300,0
b110_z_0.png,b110,0,1
b110_z_100.png,b110,100,0
b110_z_200.png,b110,200,0
b110_z_300.png,b110,300,0
b111_z_-100.png,b111,-100,0
b111_z_-200.png,b111,-200,0
b111_z_-300.png,b111,-300,0
b111_z_0.png,b111,0,1
b111_z_100.png,b111,100,0
b111_z_200.png,b111,200,0
b111_z_300.png,b111,300,0
b112_z_-100.png,b112,-100,0
b112_z_-200.png,b112,-200,0
b112_z_-300.png,b112,-300,0
b112_z_0.png,b112,0,1
b112_z_100.png,b112,100,0
b112_z_200.png,b112,200,0
b112_z_300.png,b112,300,0
b113_z_-100.png,b113,-100,0
b113_z_-200.png,b113,-200,0
b113_z_-300.png,b113,-300,0
b113_z_0.png,b113,0,1
b113_z_100.png,b113,100,0
b113_z_200.png,b113,200,0
b113_z_300.png,b113,300,0
b114_z_-100.png,b114,-100,0
b114_z_-200.png,b114,-200,0
b114_z_-300.png,b114,-300,0
b114_z_0.png,b114,0,1
b114_z_100.png,b114,100,0
b114_z_200.png,b114,200,0
b114_z_300.png,b114,300,0
b115_z_-100.png,b115,-100,0
b115_z_-200.png,b115,-200,0
b115_z_-300.png,b115,-300,0
b115_z_0.png,b115,0,1
b115_z_100.png,b115,100,0
b115_z_200.png,b115,200,0
b115_z_300.png,b115,300,0
b116_z_-100.png,b116,-100,0
b116_z_-200.png,b116,-200,0
b116_z_-300.png,b116,-300,0
b116_z_0.png,b116,0,1
b116_z_100.png,b116,100,0
b116_z_200.png,b116,200,0
b116_z_300.png,b116,300,0
b117_z_-100.png,b117,-100,0
b117_z_-200.png,b117,-200,0
b117_z_-300.png,b117,-300,0
b117_z_0.png,b117,0,1
b117_z_100.png,b117,100,0
b117_z_200.png,b117,200,0
b117_z_300.png,b117,300,0
b118_z_-100.png,b118,-100,0
b118_z_-200.png,b118,-200,0
b118_z_-300.png,b118,-300,0
b118_z_0.png,b118,0,1
b118_z_100.png,b118,100,0
b118_z_200.png,b118,200,0
b118_z_300.png,b118,300,0
b119_z_-100.png,b119,-100,0
b119_z_-200.png,b119,-200,0
b119_z_-300.png,b119,-300,0
b119_z_0.png,b119,0,1
b119_z_100.png,b119,100,0
b119_z_200.png,b119,200,0
b119_z_300.png,b119,300,0
b11_z_-100.png,b11,-100,0
b11_z_-200.png,b11,-200,0
b11_z_-300.png,b11,-300,0
b11_z_0.png,b11,0,1
b11_z_100.png,b11,100,0
b11_z_200.png,b11,200,0
b11_z_300.png,b11,300,0
b120_z_-100.png,b120,-100,0
b120_z_-200.png,b120,-200,0
b120_z_-300.png,b120,-300,0
b120_z_0.png,b120,0,1
b120_z_100.png,b120,100,0
b120_z_200.png,b120,200,0
b120_z_300.png,b120,300,0
b121_z_-100.png,b121,-100,0
b121_z_-200.png,b121,-200,0
b121_z_-300.png,b121,-300,0
b121_z_0.png,b121,0,1
b121_z_100.png,b121,100,0
b121_z_200.png,b121,200,0
b121_z_300.png,b121,300,0
b122_z_-100.png,b122,-100,0
b122_z_-200.png,b122,-200,0
b122_z_-300.png,b122,-300,0
b122_z_0.png,b122,0,1
b122_z_100.png,b122,100,0
b122_z_200.png,b122,200,0
b122_z_300.png,b122,300,0
b123_z_-100.png,b123,-100,0
b123_z_-200.png,b123,-200,0
b123_z_-300.png,b123,-300,0
b123_z_0.png,b123,0,1
b123_z_100.png,b123,100,0
b123_z_200.png,b123,200,0
b123_z_300.png,b123,300,0
b124_z_-100.png,b124,-100,0
b124_z_-200.png,b124,-200,0
b124_z_-300.png,b124,-300,0
b124_z_0.png,b124,0,1
b124_z_100.png,b124,100,0
b124_z_200.png,b124,200,0
b124_z_300.png,b124,300,0
b125_z_-100.png,b125,-100,0
b125_z_-200.png,b125,-200,0
b125_z_-300.png,b125,-300,0
b125_z_0.png,b125,0,1
b125_z_100.png,b125,100,0
b125_z_200.png,b125,200,0
b125_z_300.png,b125,300,0
b126_z_-100.png,b126,-100,0
b126_z_-200.png,b126,-200,0
b126_z_-300.png,b126,-300,0
b126_z_0.png,b126,0,1
b126_z_100.png,b126,100,0
b126_z_200.png,b126,200,0
b126_z_300.png,b126,300,0
b127_z_-100.png,b127,-100,0
b127_z_-200.png,b127,-200,0
b127_z_-300.png,b127,-300,0
b127_z_0.png,b127,0,1
b127_z_100.png,b127,100,0
b127_z_200.png,b127,200,0
b127_z_300.png,b127,300,0
b128_z_-100.png,b128,-100,0
b128_z_-200.png,b128,-200,0
b128_z_-300.png,b128,-300,0
b128_z_0.png,b128,0,1
b128_z_100.png,b128,100,0
b128_z_200.png,b128,200,0
b128_z_300.png,b128,300,0
b129_z_-100.png,b129,-100,0
b129_z_-200.png,b129,-200,0
b129_z_-300.png,b129,-300,0
b129_z_0.png,b129,0,1
b129_z_100.png,b129,100,0
b129_z_200.png,b129,200,0
b129_z_300.png,b129,300,0
b12_z_-100.png,b12,-100,0
b12_z_-200.png,b12,-200,0
b12_z_-300.png,b12,-300,0
b12_z_0.png,b12,0,1
b12_z_100.png,b12,100,0
b12_z_200.png,b12,200,0
b12_z_300.png,b12,300,0
b130_z_-100.png,b130,-100,0
b130_z_-200.png,b130,-200,0
b130_z_-300.png,b130,-300,0
b130_z_0.png,b130,0,1
b130_z_100.png,b130,100,0
b130_z_200.png,b130,200,0
b130_z_300.png,b130,300,0
b132_z_-100.png,b132,-100,0
b132_z_-200.png,b132,-200,0
b132_z_-300.png,b132,-300,0
b132_z_0.png,b132,0,1
b132_z_100.png,b132,100,0
b132_z_200.png,b132,200,0
b132_z_300.png,b132,300,0
b133_z_-100.png,b133,-100,0
b133_z_-200.png,b133,-200,0
b133_z_-300.png,b133,-300,0
b133_z_0.png,b133,0,1
b133_z_100.png,b133,100,0
b133_z_200.png,b133,200,0
b133_z_300.png,b133,300,0
b134_z_-100.png,b134,-100,0
b134_z_-200.png,b134,-200,0
b134_z_-300.png,b134,-300,0
b134_z_0.png,b134,0,1
b134_z_100.png,b134,100,0
b134_z_200.png,b134,200,0
b134_z_300.png,b134,300,0
b135_z_-100.png,b135,-100,0
b135_z_-200.png,b135,-200,0
b135_z_-300.png,b135,-300,0
b135_z_0.png,b135,0,1
b135_z_100.png,b135,100,0
b135_z_200.png,b135,200,0
b135_z_300.png,b135,300,0
b136_z_-100.png,b136,-100,0
b136_z_-200.png,b136,-200,0
b136_z_-300.png,b136,-300,0
b136_z_0.png,b136,0,1
b136_z_100.png,b136,100,0
b136_z_200.png,b136,200,0
b136_z_300.png,b136,300,0
b137_z_-100.png,b137,-100,0
b137_z_-200.png,b137,-200,0
b137_z_-300.png,b137,-300,0
b137_z_0.png,b137,0,1
b137_z_100.png,b137,100,0
b137_z_200.png,b137,200,0
b137_z_300.png,b137,300,0
b138_z_-100.png,b138,-100,0
b138_z_-200.png,b138,-200,0
b138_z_-300.png,b138,-300,0
b138_z_0.png,b138,0,1
b138_z_100.png,b138,100,0
b138_z_200.png,b138,200,0
b138_z_300.png,b138,300,0
b139_z_-100.png,b139,-100,0
b139_z_-200.png,b139,-200,0
b139_z_-300.png,b139,-300,0
b139_z_0.png,b139,0,1
b139_z_100.png,b139,100,0
b139_z_200.png,b139,200,0
b139_z_300.png,b139,300,0
b13_z_-100.png,b13,-100,0
b13_z_-200.png,b13,-200,0
b13_z_-300.png,b13,-300,0
b13_z_0.png,b13,0,1
b13_z_100.png,b13,100,0
b13_z_200.png,b13,200,0
b13_z_300.png,b13,300,0
b140_z_-100.png,b140,-100,0
b140_z_-200.png,b140,-200,0
b140_z_-300.png,b140,-300,0
b140_z_0.png,b140,0,1
b140_z_100.png,b140,100,0
b140_z_200.png,b140,200,0
b140_z_300.png,b140,300,0
b141_z_-100.png,b141,-100,0
b141_z_-200.png,b141,-200,0
b141_z_-300.png,b141,-300,0
b141_z_0.png,b141,0,1
b141_z_100.png,b141,100,0
b141_z_200.png,b141,200,0
b141_z_300.png,b141,300,0
b142_z_-100.png,b142,-100,0
b142_z_-200.png,b142,-200,0
b142_z_-300.png,b142,-300,0
b142_z_0.png,b142,0,1
b142_z_100.png,b142,100,0
b142_z_200.png,b142,200,0
b142_z_300.png,b142,300,0
b143_z_-100.png,b143,-100,0
b143_z_-200.png,b143,-200,0
b143_z_-300.png,b143,-300,0
b143_z_0.png,b143,0,1
b143_z_100.png,b143,100,0
b143_z_200.png,b143,200,0
b143_z_300.png,b143,300,0
b144_z_-100.png,b144,-100,0
b144_z_-200.png,b144,-200,0
b144_z_-300.png,b144,-300,0
b144_z_0.png,b144,0,1
b144_z_100.png,b144,100,0
b144_z_200.png,b144,200,0
b144_z_300.png,b144,300,0
b145_z_-100.png,b145,-100,0
b145_z_-200.png,b145,-200,0
b145_z_-300.png,b145,-300,0
b145_z_0.png,b145,0,1
b145_z_100.png,b145,100,0
b145_z_200.png,b145,200,0
b145_z_300.png,b145,300,0
b146_z_-100.png,b146,-100,0
b146_z_-200.png,b146,-200,0
b146_z_-300.png,b146,-300,0
b146_z_0.png,b146,0,1
b146_z_100.png,b146,100,0
b146_z_200.png,b146,200,0
b146_z_300.png,b146,300,0
b147_z_-100.png,b147,-100,0
b147_z_-200.png,b147,-200,0
b147_z_-300.png,b147,-300,0
b147_z_0.png,b147,0,1
b147_z_100.png,b147,100,0
b147_z_200.png,b147,200,0
b147_z_300.png,b147,300,0
b148_z_-100.png,b148,-100,0
b148_z_-200.png,b148,-200,0
b148_z_-300.png,b148,-300,0
b148_z_0.png,b148,0,1
b148_z_100.png,b148,100,0
b148_z_200.png,b148,200,0
b148_z_300.png,b148,300,0
b149_z_-100.png,b149,-100,0
b149_z_-200.png,b149,-200,0
b149_z_-300.png,b149,-300,0
b149_z_0.png,b149,0,1
b149_z_100.png,b149,100,0
b149_z_200.png,b149,200,0
b149_z_300.png,b149,300,0
b14_z_-100.png,b14,-100,0
b14_z_-200.png,b14,-200,0
b14_z_-300.png,b14,-300,0
b14_z_0.png,b14,0,1
b14_z_100.png,b14,100,0
b14_z_200.png,b14,200,0
b14_z_300.png,b14,300,0
b150_z_-100.png,b150,-100,0
b150_z_-200.png,b150,-200,0
b150_z_-300.png,b150,-300,0
b150_z_0.png,b150,0,1
b150_z_100.png,b150,100,0
b150_z_200.png,b150,200,0
b150_z_300.png,b150,300,0
b151_z_-100.png,b151,-100,0
b151_z_-200.png,b151,-200,0
b151_z_-300.png,b151,-300,0
b151_z_0.png,b151,0,1
b151_z_100.png,b151,100,0
b151_z_200.png,b151,200,0
b151_z_300.png,b151,300,0
b152_z_-100.png,b152,-100,0
b152_z_-200.png,b152,-200,0
b152_z_-300.png,b152,-300,0
b152_z_0.png,b152,0,1
b152_z_100.png,b152,100,0
b152_z_200.png,b152,200,0
b152_z_300.png,b152,300,0
b153_z_-100.png,b153,-100,0
b153_z_-200.png,b153,-200,0
b153_z_-300.png,b153,-300,0
b153_z_0.png,b153,0,1
b153_z_100.png,b153,100,0
b153_z_200.png,b153,200,0
b153_z_300.png,b153,300,0
b154_z_-100.png,b154,-100,0
b154_z_-200.png,b154,-200,0
b154_z_-300.png,b154,-300,0
b154_z_0.png,b154,0,1
b154_z_100.png,b154,100,0
b154_z_200.png,b154,200,0
b154_z_300.png,b154,300,0
b155_z_-100.png,b155,-100,0
b155_z_-200.png,b155,-200,0
b155_z_-300.png,b155,-300,0
b155_z_0.png,b155,0,1
b155_z_100.png,b155,100,0
b155_z_200.png,b155,200,0
b155_z_300.png,b155,300,0
b156_z_-100.png,b156,-100,0
b156_z_-200.png,b156,-200,0
b156_z_-300.png,b156,-300,0
b156_z_0.png,b156,0,1
b156_z_100.png,b156,100,0
b156_z_200.png,b156,200,0
b156_z_300.png,b156,300,0
b157_z_-100.png,b157,-100,0
b157_z_-200.png,b157,-200,0
b157_z_-300.png,b157,-300,0
b157_z_0.png,b157,0,1
b157_z_100.png,b157,100,0
b157_z_200.png,b157,200,0
b157_z_300.png,b157,300,0
b158_z_-100.png,b158,-100,0
b158_z_-200.png,b158,-200,0
b158_z_-300.png,b158,-300,0
b158_z_0.png,b158,0,1
b158_z_100.png,b158,100,0
b158_z_200.png,b158,200,0
b158_z_300.png,b158,300,0
b159_z_-100.png,b159,-100,0
b159_z_-200.png,b159,-200,0
b159_z_-300.png,b159,-300,0
b159_z_0.png,b159,0,1
b159_z_100.png,b159,100,0
b159_z_200.png,b159,200,0
b159_z_300.png,b159,300,0
b15_z_-100.png,b15,-100,0
b15_z_-200.png,b15,-200,0
b15_z_-300.png,b15,-300,0
b15_z_0.png,b15,0,1
b15_z_100.png,b15,100,0
b15_z_200.png,b15,200,0
b15_z_300.png,b15,300,0
b160_z_-100.png,b160,-100,0
b160_z_-200.png,b160,-200,0
b160_z_-300.png,b160,-300,0
b160_z_0.png,b160,0,1
b160_z_100.png,b160,100,0
b160_z_200.png,b160,200,0
b160_z_300.png,b160,300,0
b161_z_-100.png,b161,-100,0
b161_z_-200.png,b161,-200,0
b161_z_-300.png,b161,-300,0
b161_z_0.png,b161,0,1
b161_z_100.png,b161,100,0
b161_z_200.png,b161,200,0
b161_z_300.png,b161,300,0
b162_z_-100.png,b162,-100,0
b162_z_-200.png,b162,-200,0
b162_z_-300.png,b162,-300,0
b162_z_0.png,b162,0,1
b162_z_100.png,b162,100,0
b162_z_200.png,b162,200,0
b162_z_300.png,b162,300,0
b166_z_-100.png,b166,-100,0
b166_z_-200.png,b166,-200,0
b166_z_-300.png,b166,-300,0
b166_z_0.png,b166,0,1
b166_z_100.png,b166,100,0
b166_z_200.png,b166,200,0
b166_z_300.png,b166,300,0
b167_z_-100.png,b167,-100,0
b167_z_-200.png,b167,-200,0
b167_z_-300.png,b167,-300,0
b167_z_0.png,b167,0,1
b167_z_100.png,b167,100,0
b167_z_200.png,b167,200,0
b167_z_300.png,b167,300,0
b168_z_-100.png,b168,-100,0
b168_z_-200.png,b168,-200,0
b168_z_-300.png,b168,-300,0
b168_z_0.png,b168,0,1
b168_z_100.png,b168,100,0
b168_z_200.png,b168,200,0
b168_z_300.png,b168,300,0
b169_z_-100.png,b169,-100,0
b169_z_-200.png,b169,-200,0
b169_z_-300.png,b169,-300,0
b169_z_0.png,b169,0,1
b169_z_100.png,b169,100,0
b169_z_200.png,b169,200,0
b169_z_300.png,b169,300,0
b16_z_-100.png,b16,-100,0
b16_z_-200.png,b16,-200,0
b16_z_-300.png,b16,-300,0
b16_z_0.png,b16,0,1
b16_z_100.png,b16,100,0
b16_z_200.png,b16,200,0
b16_z_300.png,b16,300,0
b170_z_-100.png,b170,-100,0
b170_z_-200.png,b170,-200,0
b170_z_-300.png,b170,-300,0
b170_z_0.png,b170,0,1
b170_z_100.png,b170,100,0
b170_z_200.png,b170,200,0
b170_z_300.png,b170,300,0
b171_z_-100.png,b171,-100,0
b171_z_-200.png,b171,-200,0
b171_z_-300.png,b171,-300,0
b171_z_0.png,b171,0,1
b171_z_100.png,b171,100,0
b171_z_200.png,b171,200,0
b171_z_300.png,b171,300,0
b172_z_-100.png,b172,-100,0
b172_z_-200.png,b172,-200,0
b172_z_-300.png,b172,-300,0
b172_z_0.png,b172,0,1
b172_z_100.png,b172,100,0
b172_z_200.png,b172,200,0
b172_z_300.png,b172,300,0
b173_z_-100.png,b173,-100,0
b173_z_-200.png,b173,-200,0
b173_z_-300.png,b173,-300,0
b173_z_0.png,b173,0,1
b173_z_100.png,b173,100,0
b173_z_200.png,b173,200,0
b173_z_300.png,b173,300,0
b174_z_-100.png,b174,-100,0
b174_z_-200.png,b174,-200,0
b174_z_-300.png,b174,-300,0
b174_z_0.png,b174,0,1
b174_z_100.png,b174,100,0
b174_z_200.png,b174,200,0
b174_z_300.png,b174,300,0
b175_z_-100.png,b175,-100,0
b175_z_-200.png,b175,-200,0
b175_z_-300.png,b175,-300,0
b175_z_0.png,b175,0,1
b175_z_100.png,b175,100,0
b175_z_200.png,b175,200,0
b175_z_300.png,b175,300,0
b176_z_-100.png,b176,-100,0
b176_z_-200.png,b176,-200,0
b176_z_-300.png,b176,-300,0
b176_z_0.png,b176,0,1
b176_z_100.png,b176,100,0
b176_z_200.png,b176,200,0
b176_z_300.png,b176,300,0
b177_z_-100.png,b177,-100,0
b177_z_-200.png,b177,-200,0
b177_z_-300.png,b177,-300,0
b177_z_0.png,b177,0,1
b177_z_100.png,b177,100,0
b177_z_200.png,b177,200,0
b177_z_300.png,b177,300,0
b178_z_-100.png,b178,-100,0
b178_z_-200.png,b178,-200,0
b178_z_-300.png,b178,-300,0
b178_z_0.png,b178,0,1
b178_z_100.png,b178,100,0
b178_z_200.png,b178,200,0
b178_z_300.png,b178,300,0
b179_z_-100.png,b179,-100,0
b179_z_-200.png,b179,-200,0
b179_z_-300.png,b179,-300,0
b179_z_0.png,b179,0,1
b179_z_100.png,b179,100,0
b179_z_200.png,b179,200,0
b179_z_300.png,b179,300,0
b17_z_-100.png,b17,-100,0
b17_z_-200.png,b17,-200,0
b17_z_-300.png,b17,-300,0
b17_z_0.png,b17,0,1
b17_z_100.png,b17,100,0
b17_z_200.png,b17,200,0
b17_z_300.png,b17,300,0
b180_z_-100.png,b180,-100,0
b180_z_-200.png,b180,-200,0
b180_z_-300.png,b180,-300,0
b180_z_0.png,b180,0,1
b180_z_100.png,b180,100,0
b180_z_200.png,b180,200,0
b180_z_300.png,b180,300,0
B181_z_-100.png,B181,-100,0
B181_z_-200.png,B181,-200,0
B181_z_-300.png,B181,-300,0
B181_z_0.png,B181,0,1
B181_z_100.png,B181,100,0
B181_z_200.png,B181,200,0
B181_z_300.png,B181,300,0
b182_z_-100.png,b182,-100,0
b182_z_-200.png,b182,-200,0
b182_z_-300.png,b182,-300,0
b182_z_0.png,b182,0,1
b182_z_100.png,b182,100,0
b182_z_200.png,b182,200,0
b182_z_300.png,b182,300,0
b183_z_-100.png,b183,-100,0
b183_z_-200.png,b183,-200,0
b183_z_-300.png,b183,-300,0
b183_z_0.png,b183,0,1
b183_z_100.png,b183,100,0
b183_z_200.png,b183,200,0
b183_z_300.png,b183,300,0
b184_z_-100.png,b184,-100,0
b184_z_-200.png,b184,-200,0
b184_z_-300.png,b184,-300,0
b184_z_0.png,b184,0,1
b184_z_100.png,b184,100,0
b184_z_200.png,b184,200,0
b184_z_300.png,b184,300,0
b185_z_-100.png,b185,-100,0
b185_z_-200.png,b185,-200,0
b185_z_-300.png,b185,-300,0
b185_z_0.png,b185,0,1
b185_z_100.png,b185,100,0
b185_z_200.png,b185,200,0
b185_z_300.png,b185,300,0
b186_z_-100.png,b186,-100,0
b186_z_-200.png,b186,-200,0
b186_z_-300.png,b186,-300,0
b186_z_0.png,b186,0,1
b186_z_100.png,b186,100,0
b186_z_200.png,b186,200,0
b186_z_300.png,b186,300,0
b187_z_-100.png,b187,-100,0
b187_z_-200.png,b187,-200,0
b187_z_-300.png,b187,-300,0
b187_z_0.png,b187,0,1
b187_z_100.png,b187,100,0
b187_z_200.png,b187,200,0
b187_z_300.png,b187,300,0
b188_z_-100.png,b188,-100,0
b188_z_-200.png,b188,-200,0
b188_z_-300.png,b188,-300,0
b188_z_0.png,b188,0,1
b188_z_100.png,b188,100,0
b188_z_200.png,b188,200,0
b188_z_300.png,b188,300,0
b189_z_-100.png,b189,-100,0
b189_z_-200.png,b189,-200,0
b189_z_-300.png,b189,-300,0
b189_z_0.png,b189,0,1
b189_z_100.png,b189,100,0
b189_z_200.png,b189,200,0
b189_z_300.png,b189,300,0
b18_z_-100.png,b18,-100,0
b18_z_-200.png,b18,-200,0
b18_z_-300.png,b18,-300,0
b18_z_0.png,b18,0,1
b18_z_100.png,b18,100,0
b18_z_200.png,b18,200,0
b18_z_300.png,b18,300,0
b190_z_-100.png,b190,-100,0
b190_z_-200.png,b190,-200,0
b190_z_-300.png,b190,-300,0
b190_z_0.png,b190,0,1
b190_z_100.png,b190,100,0
b190_z_200.png,b190,200,0
b190_z_300.png,b190,300,0
b191_z_-100.png,b191,-100,0
b191_z_-200.png,b191,-200,0
b191_z_-300.png,b191,-300,0
b191_z_0.png,b191,0,1
b191_z_100.png,b191,100,0
b191_z_200.png,b191,200,0
b191_z_300.png,b191,300,0
b192_z_-100.png,b192,-100,0
b192_z_-200.png,b192,-200,0
b192_z_-300.png,b192,-300,0
b192_z_0.png,b192,0,1
b192_z_100.png,b192,100,0
b192_z_200.png,b192,200,0
b192_z_300.png,b192,300,0
b193_z_-100.png,b193,-100,0
b193_z_-200.png,b193,-200,0
b193_z_-300.png,b193,-300,0
b193_z_0.png,b193,0,1
b193_z_100.png,b193,100,0
b193_z_200.png,b193,200,0
b193_z_300.png,b193,300,0
b194_z_-100.png,b194,-100,0
b194_z_-200.png,b194,-200,0
b194_z_-300.png,b194,-300,0
b194_z_0.png,b194,0,1
b194_z_100.png,b194,100,0
b194_z_200.png,b194,200,0
b194_z_300.png,b194,300,0
b195_z_-100.png,b195,-100,0
b195_z_-200.png,b195,-200,0
b195_z_-300.png,b195,-300,0
b195_z_0.png,b195,0,1
b195_z_100.png,b195,100,0
b195_z_200.png,b195,200,0
b195_z_300.png,b195,300,0
b196_z_-100.png,b196,-100,0
b196_z_-200.png,b196,-200,0
b196_z_-300.png,b196,-300,0
b196_z_0.png,b196,0,1
b196_z_100.png,b196,100,0
b196_z_200.png,b196,200,0
b196_z_300.png,b196,300,0
b197_z_-100.png,b197,-100,0
b197_z_-200.png,b197,-200,0
b197_z_-300.png,b197,-300,0
b197_z_0.png,b197,0,1
b197_z_100.png,b197,100,0
b197_z_200.png,b197,200,0
b197_z_300.png,b197,300,0
b198_z_-100.png,b198,-100,0
b198_z_-200.png,b198,-200,0
b198_z_-300.png,b198,-300,0
b198_z_0.png,b198,0,1
b198_z_100.png,b198,100,0
b198_z_200.png,b198,200,0
b198_z_300.png,b198,300,0
b199_z_-100.png,b199,-100,0
b199_z_-200.png,b199,-200,0
b199_z_-300.png,b199,-300,0
b199_z_0.png,b199,0,1
b199_z_100.png,b199,100,0
b199_z_200.png,b199,200,0
b199_z_300.png,b199,300,0
b19_z_-100.png,b19,-100,0
b19_z_-200.png,b19,-200,0
b19_z_-300.png,b19,-300,0
b19_z_0.png,b19,0,1
b19_z_100.png,b19,100,0
b19_z_200.png,b19,200,0
b19_z_300.png,b19,300,0
b200_z_-100.png,b200,-100,0
b200_z_-200.png,b200,-200,0
b200_z_-300.png,b200,-300,0
b200_z_0.png,b200,0,1
b200_z_100.png,b200,100,0
b200_z_200.png,b200,200,0
b200_z_300.png,b200,300,0
b201_z_-100.png,b201,-100,0
b201_z_-200.png,b201,-200,0
b201_z_-300.png,b201,-300,0
b201_z_0.png,b201,0,1
b201_z_100.png,b201,100,0
b201_z_200.png,b201,200,0
b201_z_300.png,b201,300,0
b202_z_-100.png,b202,-100,0
b202_z_-200.png,b202,-200,0
b202_z_-300.png,b202,-300,0
b202_z_0.png,b202,0,1
b202_z_100.png,b202,100,0
b202_z_200.png,b202,200,0
b202_z_300.png,b202,300,0
b203_z_-100.png,b203,-100,0
b203_z_-200.png,b203,-200,0
b203_z_-300.png,b203,-300,0
b203_z_0.png,b203,0,1
b203_z_100.png,b203,100,0
b203_z_200.png,b203,200,0
b203_z_300.png,b203,300,0
b204_z_-100.png,b204,-100,0
b204_z_-200.png,b204,-200,0
b204_z_-300.png,b204,-300,0
b204_z_0.png,b204,0,1
b204_z_100.png,b204,100,0
b204_z_200.png,b204,200,0
b204_z_300.png,b204,300,0
b205_z_-100.png,b205,-100,0
b205_z_-200.png,b205,-200,0
b205_z_-300.png,b205,-300,0
b205_z_0.png,b205,0,1
b205_z_100.png,b205,100,0
b205_z_200.png,b205,200,0
b205_z_300.png,b205,300,0
b206_z_-100.png,b206,-100,0
b206_z_-200.png,b206,-200,0
b206_z_-300.png,b206,-300,0
b206_z_0.png,b206,0,1
b206_z_100.png,b206,100,0
b206_z_200.png,b206,200,0
b206_z_300.png,b206,300,0
b207_z_-100.png,b207,-100,0
b207_z_-200.png,b207,-200,0
b207_z_-300.png,b207,-300,0
b207_z_0.png,b207,0,1
b207_z_100.png,b207,100,0
b207_z_200.png,b207,200,0
b207_z_300.png,b207,300,0
b208_z_-100.png,b208,-100,0
b208_z_-200.png,b208,-200,0
b208_z_-300.png,b208,-300,0
b208_z_0.png,b208,0,1
b208_z_100.png,b208,100,0
b208_z_200.png,b208,200,0
b208_z_300.png,b208,300,0
b209_z_-100.png,b209,-100,0
b209_z_-200.png,b209,-200,0
b209_z_-300.png,b209,-300,0
b209_z_0.png,b209,0,1
b209_z_100.png,b209,100,0
b209_z_200.png,b209,200,0
b209_z_300.png,b209,300,0
b20_z_-100.png,b20,-100,0
b20_z_-200.png,b20,-200,0
b20_z_-300.png,b20,-300,0
b20_z_0.png,b20,0,1
b20_z_100.png,b20,100,0
b20_z_200.png,b20,200,0
b20_z_300.png,b20,300,0
b210_z_-100.png,b210,-100,0
b210_z_-200.png,b210,-200,0
b210_z_-300.png,b210,-300,0
b210_z_0.png,b210,0,1
b210_z_100.png,b210,100,0
b210_z_200.png,b210,200,0
b210_z_300.png,b210,300,0
b211_z_-100.png,b211,-100,0
b211_z_-200.png,b211,-200,0
b211_z_-300.png,b211,-300,0
b211_z_0.png,b211,0,1
b211_z_100.png,b211,100,0
b211_z_200.png,b211,200,0
b211_z_300.png,b211,300,0
b212_z_-100.png,b212,-100,0
b212_z_-200.png,b212,-200,0
b212_z_-300.png,b212,-300,0
b212_z_0.png,b212,0,1
b212_z_100.png,b212,100,0
b212_z_200.png,b212,200,0
b212_z_300.png,b212,300,0
b213_z_-100.png,b213,-100,0
b213_z_-200.png,b213,-200,0
b213_z_-300.png,b213,-300,0
b213_z_0.png,b213,0,1
b213_z_100.png,b213,100,0
b213_z_200.png,b213,200,0
b213_z_300.png,b213,300,0
b214_z_-100.png,b214,-100,0
b214_z_-200.png,b214,-200,0
b214_z_-300.png,b214,-300,0
b214_z_0.png,b214,0,1
b214_z_100.png,b214,100,0
b214_z_200.png,b214,200,0
b214_z_300.png,b214,300,0
b215_z_-100.png,b215,-100,0
b215_z_-200.png,b215,-200,0
b215_z_-300.png,b215,-300,0
b215_z_0.png,b215,0,1
b215_z_100.png,b215,100,0
b215_z_200.png,b215,200,0
b215_z_300.png,b215,300,0
b216_z_-100.png,b216,-100,0
b216_z_-200.png,b216,-200,0
b216_z_-300.png,b216,-300,0
b216_z_0.png,b216,0,1
b216_z_100.png,b216,100,0
b216_z_200.png,b216,200,0
b216_z_300.png,b216,300,0
b217_z_-100.png,b217,-100,0
b217_z_-200.png,b217,-200,0
b217_z_-300.png,b217,-300,0
b217_z_0.png,b217,0,1
b217_z_100.png,b217,100,0
b217_z_200.png,b217,200,0
b217_z_300.png,b217,300,0
b218_z_-100.png,b218,-100,0
b218_z_-200.png,b218,-200,0
b218_z_-300.png,b218,-300,0
b218_z_0.png,b218,0,1
b218_z_100.png,b218,100,0
b218_z_200.png,b218,200,0
b218_z_300.png,b218,300,0
b219_z_-100.png,b219,-100,0
b219_z_-200.png,b219,-200,0
b219_z_-300.png,b219,-300,0
b219_z_0.png,b219,0,1
b219_z_100.png,b219,100,0
b219_z_200.png,b219,200,0
b219_z_300.png,b219,300,0
b21_z_-100.png,b21,-100,0
b21_z_-200.png,b21,-200,0
b21_z_-300.png,b21,-300,0
b21_z_0.png,b21,0,1
b21_z_100.png,b21,100,0
b21_z_200.png,b21,200,0
b21_z_300.png,b21,300,0
b220_z_-100.png,b220,-100,0
b220_z_-200.png,b220,-200,0
b220_z_-300.png,b220,-300,0
b220_z_0.png,b220,0,1
b220_z_100.png,b220,100,0
b220_z_200.png,b220,200,0
b220_z_300.png,b220,300,0
b221_z_-100.png,b221,-100,0
b221_z_-200.png,b221,-200,0
b221_z_-300.png,b221,-300,0
b221_z_0.png,b221,0,1
b221_z_100.png,b221,100,0
b221_z_200.png,b221,200,0
b221_z_300.png,b221,300,0
b222_z_-100.png,b222,-100,0
b222_z_-200.png,b222,-200,0
b222_z_-300.png,b222,-300,0
b222_z_0.png,b222,0,1
b222_z_100.png,b222,100,0
b222_z_200.png,b222,200,0
b222_z_300.png,b222,300,0
b223_z_-100.png,b223,-100,0
b223_z_-200.png,b223,-200,0
b223_z_-300.png,b223,-300,0
b223_z_0.png,b223,0,1
b223_z_100.png,b223,100,0
b223_z_200.png,b223,200,0
b223_z_300.png,b223,300,0
b224_z_-100.png,b224,-100,0
b224_z_-200.png,b224,-200,0
b224_z_-300.png,b224,-300,0
b224_z_0.png,b224,0,1
b224_z_100.png,b224,100,0
b224_z_200.png,b224,200,0
b224_z_300.png,b224,300,0
b225_z_-100.png,b225,-100,0
b225_z_-200.png,b225,-200,0
b225_z_-300.png,b225,-300,0
b225_z_0.png,b225,0,1
b225_z_100.png,b225,100,0
b225_z_200.png,b225,200,0
b225_z_300.png,b225,300,0
b226_z_-100.png,b226,-100,0
b226_z_-200.png,b226,-200,0
b226_z_-300.png,b226,-300,0
b226_z_0.png,b226,0,1
b226_z_100.png,b226,100,0
b226_z_200.png,b226,200,0
b226_z_300.png,b226,300,0
b227_z_-100.png,b227,-100,0
b227_z_-200.png,b227,-200,0
b227_z_-300.png,b227,-300,0
b227_z_0.png,b227,0,1
b227_z_100.png,b227,100,0
b227_z_200.png,b227,200,0
b227_z_300.png,b227,300,0
b228_z_-100.png,b228,-100,0
b228_z_-200.png,b228,-200,0
b228_z_-300.png,b228,-300,0
b228_z_0.png,b228,0,1
b228_z_100.png,b228,100,0
b228_z_200.png,b228,200,0
b228_z_300.png,b228,300,0
b229_z_-100.png,b229,-100,0
b229_z_-200.png,b229,-200,0
b229_z_-300.png,b229,-300,0
b229_z_0.png,b229,0,1
b229_z_100.png,b229,100,0
b229_z_200.png,b229,200,0
b229_z_300.png,b229,300,0
b22_z_-100.png,b22,-100,0
b22_z_-200.png,b22,-200,0
b22_z_-300.png,b22,-300,0
b22_z_0.png,b22,0,1
b22_z_100.png,b22,100,0
b22_z_200.png,b22,200,0
b22_z_300.png,b22,300,0
b230_z_-100.png,b230,-100,0
b230_z_-200.png,b230,-200,0
b230_z_-300.png,b230,-300,0
b230_z_0.png,b230,0,1
b230_z_100.png,b230,100,0
b230_z_200.png,b230,200,0
b230_z_300.png,b230,300,0
b231_z_-100.png,b231,-100,0
b231_z_-200.png,b231,-200,0
b231_z_-300.png,b231,-300,0
b231_z_0.png,b231,0,1
b231_z_100.png,b231,100,0
b231_z_200.png,b231,200,0
b231_z_300.png,b231,300,0
b232_z_-100.png,b232,-100,0
b232_z_-200.png,b232,-200,0
b232_z_-300.png,b232,-300,0
b232_z_0.png,b232,0,1
b232_z_100.png,b232,100,0
b232_z_200.png,b232,200,0
b232_z_300.png,b232,300,0
b233_z_-100.png,b233,-100,0
b233_z_-200.png,b233,-200,0
b233_z_-300.png,b233,-300,0
b233_z_0.png,b233,0,1
b233_z_100.png,b233,100,0
b233_z_200.png,b233,200,0
b233_z_300.png,b233,300,0
b234_z_-100.png,b234,-100,0
b234_z_-200.png,b234,-200,0
b234_z_-300.png,b234,-300,0
b234_z_0.png,b234,0,1
b234_z_100.png,b234,100,0
b234_z_200.png,b234,200,0
b234_z_300.png,b234,300,0
b235_z_-100.png,b235,-100,0
b235_z_-200.png,b235,-200,0
b235_z_-300.png,b235,-300,0
b235_z_0.png,b235,0,1
b235_z_100.png,b235,100,0
b235_z_200.png,b235,200,0
b235_z_300.png,b235,300,0
b236_z_-100.png,b236,-100,0
b236_z_-200.png,b236,-200,0
b236_z_-300.png,b236,-300,0
b236_z_0.png,b236,0,1
b236_z_100.png,b236,100,0
b236_z_200.png,b236,200,0
b236_z_300.png,b236,300,0
b237_z_-100.png,b237,-100,0
b237_z_-200.png,b237,-200,0
b237_z_-300.png,b237,-300,0
b237_z_0.png,b237,0,1
b237_z_100.png,b237,100,0
b237_z_200.png,b237,200,0
b237_z_300.png,b237,300,0
b238_z_-100.png,b238,-100,0
b238_z_-200.png,b238,-200,0
b238_z_-300.png,b238,-300,0
b238_z_0.png,b238,0,1
b238_z_100.png,b238,100,0
b238_z_200.png,b238,200,0
b238_z_300.png,b238,300,0
b239_z_-100.png,b239,-100,0
b239_z_-200.png,b239,-200,0
b239_z_-300.png,b239,-300,0
b239_z_0.png,b239,0,1
b239_z_100.png,b239,100,0
b239_z_200.png,b239,200,0
b239_z_300.png,b239,300,0
b23_z_-100.png,b23,-100,0
b23_z_-200.png,b23,-200,0
b23_z_-300.png,b23,-300,0
b23_z_0.png,b23,0,1
b23_z_100.png,b23,100,0
b23_z_200.png,b23,200,0
b23_z_300.png,b23,300,0
b240_z_-100.png,b240,-100,0
b240_z_-200.png,b240,-200,0
b240_z_-300.png,b240,-300,0
b240_z_0.png,b240,0,1
b240_z_100.png,b240,100,0
b240_z_200.png,b240,200,0
b240_z_300.png,b240,300,0
b241_z_-100.png,b241,-100,0
b241_z_-200.png,b241,-200,0
b241_z_-300.png,b241,-300,0
b241_z_0.png,b241,0,1
b241_z_100.png,b241,100,0
b241_z_200.png,b241,200,0
b241_z_300.png,b241,300,0
b242_z_-100.png,b242,-100,0
b242_z_-200.png,b242,-200,0
b242_z_-300.png,b242,-300,0
b242_z_0.png,b242,0,1
b242_z_100.png,b242,100,0
b242_z_200.png,b242,200,0
b242_z_300.png,b242,300,0
b243_z_-100.png,b243,-100,0
b243_z_-200.png,b243,-200,0
b243_z_-300.png,b243,-300,0
b243_z_0.png,b243,0,1
b243_z_100.png,b243,100,0
b243_z_200.png,b243,200,0
b243_z_300.png,b243,300,0
b244_z_-100.png,b244,-100,0
b244_z_-200.png,b244,-200,0
b244_z_-300.png,b244,-300,0
b244_z_0.png,b244,0,1
b244_z_100.png,b244,100,0
b244_z_200.png,b244,200,0
b244_z_300.png,b244,300,0
b245_z_-100.png,b245,-100,0
b245_z_-200.png,b245,-200,0
b245_z_-300.png,b245,-300,0
b245_z_0.png,b245,0,1
b245_z_100.png,b245,100,0
b245_z_200.png,b245,200,0
b245_z_300.png,b245,300,0
b246_z_-100.png,b246,-100,0
b246_z_-200.png,b246,-200,0
b246_z_-300.png,b246,-300,0
b246_z_0.png,b246,0,1
b246_z_100.png,b246,100,0
b246_z_200.png,b246,200,0
b246_z_300.png,b246,300,0
b247_z_-100.png,b247,-100,0
b247_z_-200.png,b247,-200,0
b247_z_-300.png,b247,-300,0
b247_z_0.png,b247,0,1
b247_z_100.png,b247,100,0
b247_z_200.png,b247,200,0
b247_z_300.png,b247,300,0
b248_z_-100.png,b248,-100,0
b248_z_-200.png,b248,-200,0
b248_z_-300.png,b248,-300,0
b248_z_0.png,b248,0,1
b248_z_100.png,b248,100,0
b248_z_200.png,b248,200,0
b248_z_300.png,b248,300,0
b249_z_-100.png,b249,-100,0
b249_z_-200.png,b249,-200,0
b249_z_-300.png,b249,-300,0
b249_z_0.png,b249,0,1
b249_z_100.png,b249,100,0
b249_z_200.png,b249,200,0
b249_z_300.png,b249,300,0
b24_z_-100.png,b24,-100,0
b24_z_-200.png,b24,-200,0
b24_z_-300.png,b24,-300,0
b24_z_0.png,b24,0,1
b24_z_100.png,b24,100,0
b24_z_200.png,b24,200,0
b24_z_300.png,b24,300,0
b250_z_-100.png,b250,-100,0
b250_z_-200.png,b250,-200,0
b250_z_-300.png,b250,-300,0
b250_z_0.png,b250,0,1
b250_z_100.png,b250,100,0
b250_z_200.png,b250,200,0
b250_z_300.png,b250,300,0
b251_z_-100.png,b251,-100,0
b251_z_-200.png,b251,-200,0
b251_z_-300.png,b251,-300,0
b251_z_0.png,b251,0,1
b251_z_100.png,b251,100,0
b251_z_200.png,b251,200,0
b251_z_300.png,b251,300,0
b252_z_-100.png,b252,-100,0
b252_z_-200.png,b252,-200,0
b252_z_-300.png,b252,-300,0
b252_z_0.png,b252,0,1
b252_z_100.png,b252,100,0
b252_z_200.png,b252,200,0
b252_z_300.png,b252,300,0
b253_z_-100.png,b253,-100,0
b253_z_-200.png,b253,-200,0
b253_z_-300.png,b253,-300,0
b253_z_0.png,b253,0,1
b253_z_100.png,b253,100,0
b253_z_200.png,b253,200,0
b253_z_300.png,b253,300,0
b254_z_-100.png,b254,-100,0
b254_z_-200.png,b254,-200,0
b254_z_-300.png,b254,-300,0
b254_z_0.png,b254,0,1
b254_z_100.png,b254,100,0
b254_z_200.png,b254,200,0
b254_z_300.png,b254,300,0
b255_z_-100.png,b255,-100,0
b255_z_-200.png,b255,-200,0
b255_z_-300.png,b255,-300,0
b255_z_0.png,b255,0,1
b255_z_100.png,b255,100,0
b255_z_200.png,b255,200,0
b255_z_300.png,b255,300,0
b256_z_-100.png,b256,-100,0
b256_z_-200.png,b256,-200,0
b256_z_-300.png,b256,-300,0
b256_z_0.png,b256,0,1
b256_z_100.png,b256,100,0
b256_z_200.png,b256,200,0
b256_z_300.png,b256,300,0
b257_z_-100.png,b257,-100,0
b257_z_-200.png,b257,-200,0
b257_z_-300.png,b257,-300,0
b257_z_0.png,b257,0,1
b257_z_100.png,b257,100,0
b257_z_200.png,b257,200,0
b257_z_300.png,b257,300,0
b258_z_-100.png,b258,-100,0
b258_z_-200.png,b258,-200,0
b258_z_-300.png,b258,-300,0
b258_z_0.png,b258,0,1
b258_z_100.png,b258,100,0
b258_z_200.png,b258,200,0
b258_z_300.png,b258,300,0
b259_z_-100.png,b259,-100,0
b259_z_-200.png,b259,-200,0
b259_z_-300.png,b259,-300,0
b259_z_0.png,b259,0,1
b259_z_100.png,b259,100,0
b259_z_200.png,b259,200,0
b259_z_300.png,b259,300,0
b25_z_-100.png,b25,-100,0
b25_z_-200.png,b25,-200,0
b25_z_-300.png,b25,-300,0
b25_z_0.png,b25,0,1
b25_z_100.png,b25,100,0
b25_z_200.png,b25,200,0
b25_z_300.png,b25,300,0
b260_z_-100.png,b260,-100,0
b260_z_-200.png,b260,-200,0
b260_z_-300.png,b260,-300,0
b260_z_0.png,b260,0,1
b260_z_100.png,b260,100,0
b260_z_200.png,b260,200,0
b260_z_300.png,b260,300,0
b261_z_-100.png,b261,-100,0
b261_z_-200.png,b261,-200,0
b261_z_-300.png,b261,-300,0
b261_z_0.png,b261,0,1
b261_z_100.png,b261,100,0
b261_z_200.png,b261,200,0
b261_z_300.png,b261,300,0
b262_z_-100.png,b262,-100,0
b262_z_-200.png,b262,-200,0
b262_z_-300.png,b262,-300,0
b262_z_0.png,b262,0,1
b262_z_100.png,b262,100,0
b262_z_200.png,b262,200,0
b262_z_300.png,b262,300,0
b263_z_-100.png,b263,-100,0
b263_z_-200.png,b263,-200,0
b263_z_-300.png,b263,-300,0
b263_z_0.png,b263,0,1
b263_z_100.png,b263,100,0
b263_z_200.png,b263,200,0
b263_z_300.png,b263,300,0
b264_z_-100.png,b264,-100,0
b264_z_-200.png,b264,-200,0
b264_z_-300.png,b264,-300,0
b264_z_0.png,b264,0,1
b264_z_100.png,b264,100,0
b264_z_200.png,b264,200,0
b264_z_300.png,b264,300,0
b265_z_-100.png,b265,-100,0
b265_z_-200.png,b265,-200,0
b265_z_-300.png,b265,-300,0
b265_z_0.png,b265,0,1
b265_z_100.png,b265,100,0
b265_z_200.png,b265,200,0
b265_z_300.png,b265,300,0
b266_z_-100.png,b266,-100,0
b266_z_-200.png,b266,-200,0
b266_z_-300.png,b266,-300,0
b266_z_0.png,b266,0,1
b266_z_100.png,b266,100,0
b266_z_200.png,b266,200,0
b266_z_300.png,b266,300,0
b267_z_-100.png,b267,-100,0
b267_z_-200.png,b267,-200,0
b267_z_-300.png,b267,-300,0
b267_z_0.png,b267,0,1
b267_z_100.png,b267,100,0
b267_z_200.png,b267,200,0
b267_z_300.png,b267,300,0
b268_z_-100.png,b268,-100,0
b268_z_-200.png,b268,-200,0
b268_z_-300.png,b268,-300,0
b268_z_0.png,b268,0,1
b268_z_100.png,b268,100,0
b268_z_200.png,b268,200,0
b268_z_300.png,b268,300,0
b269_z_-100.png,b269,-100,0
b269_z_-200.png,b269,-200,0
b269_z_-300.png,b269,-300,0
b269_z_0.png,b269,0,1
b269_z_100.png,b269,100,0
b269_z_200.png,b269,200,0
b269_z_300.png,b269,300,0
b26_z_-100.png,b26,-100,0
b26_z_-200.png,b26,-200,0
b26_z_-300.png,b26,-300,0
b26_z_0.png,b26,0,1
b26_z_100.png,b26,100,0
b26_z_200.png,b26,200,0
b26_z_300.png,b26,300,0
b270_z_-100.png,b270,-100,0
b270_z_-200.png,b270,-200,0
b270_z_-300.png,b270,-300,0
b270_z_0.png,b270,0,1
b270_z_100.png,b270,100,0
b270_z_200.png,b270,200,0
b270_z_300.png,b270,300,0
b271_z_-100.png,b271,-100,0
b271_z_-200.png,b271,-200,0
b271_z_-300.png,b271,-300,0
b271_z_0.png,b271,0,1
b271_z_100.png,b271,100,0
b271_z_200.png,b271,200,0
b271_z_300.png,b271,300,0
b272_z_-100.png,b272,-100,0
b272_z_-200.png,b272,-200,0
b272_z_-300.png,b272,-300,0
b272_z_0.png,b272,0,1
b272_z_100.png,b272,100,0
b272_z_200.png,b272,200,0
b272_z_300.png,b272,300,0
b273_z_-100.png,b273,-100,0
b273_z_-200.png,b273,-200,0
b273_z_-300.png,b273,-300,0
b273_z_0.png,b273,0,1
b273_z_100.png,b273,100,0
b273_z_200.png,b273,200,0
b273_z_300.png,b273,300,0
b274_z_-100.png,b274,-100,0
b274_z_-200.png,b274,-200,0
b274_z_-300.png,b274,-300,0
b274_z_0.png,b274,0,1
b274_z_100.png,b274,100,0
b274_z_200.png,b274,200,0
b274_z_300.png,b274,300,0
b275_z_-100.png,b275,-100,0
b275_z_-200.png,b275,-200,0
b275_z_-300.png,b275,-300,0
b275_z_0.png,b275,0,1
b275_z_100.png,b275,100,0
b275_z_200.png,b275,200,0
b275_z_300.png,b275,300,0
b276_z_-100.png,b276,-100,0
b276_z_-200.png,b276,-200,0
b276_z_-300.png,b276,-300,0
b276_z_0.png,b276,0,1
b276_z_100.png,b276,100,0
b276_z_200.png,b276,200,0
b276_z_300.png,b276,300,0
b277_z_-100.png,b277,-100,0
b277_z_-200.png,b277,-200,0
b277_z_-300.png,b277,-300,0
b277_z_0.png,b277,0,1
b277_z_100.png,b277,100,0
b277_z_200.png,b277,200,0
b277_z_300.png,b277,300,0
b278_z_-100.png,b278,-100,0
b278_z_-200.png,b278,-200,0
b278_z_-300.png,b278,-300,0
b278_z_0.png,b278,0,1
b278_z_100.png,b278,100,0
b278_z_200.png,b278,200,0
b278_z_300.png,b278,300,0
b279_z_-100.png,b279,-100,0
b279_z_-200.png,b279,-200,0
b279_z_-300.png,b279,-300,0
b279_z_0.png,b279,0,1
b279_z_100.png,b279,100,0
b279_z_200.png,b279,200,0
b279_z_300.png,b279,300,0
b27_z_-100.png,b27,-100,0
b27_z_-200.png,b27,-200,0
b27_z_-300.png,b27,-300,0
b27_z_0.png,b27,0,1
b27_z_100.png,b27,100,0
b27_z_200.png,b27,200,0
b27_z_300.png,b27,300,0
b280_z_-100.png,b280,-100,0
b280_z_-200.png,b280,-200,0
b280_z_-300.png,b280,-300,0
b280_z_0.png,b280,0,1
b280_z_100.png,b280,100,0
b280_z_200.png,b280,200,0
b280_z_300.png,b280,300,0
b281_z_-100.png,b281,-100,0
b281_z_-200.png,b281,-200,0
b281_z_-300.png,b281,-300,0
b281_z_0.png,b281,0,1
b281_z_100.png,b281,100,0
b281_z_200.png,b281,200,0
b281_z_300.png,b281,300,0
b282_z_-100.png,b282,-100,0
b282_z_-200.png,b282,-200,0
b282_z_-300.png,b282,-300,0
b282_z_0.png,b282,0,1
b282_z_100.png,b282,100,0
b282_z_200.png,b282,200,0
b282_z_300.png,b282,300,0
b283_z_-100.png,b283,-100,0
b283_z_-200.png,b283,-200,0
b283_z_-300.png,b283,-300,0
b283_z_0.png,b283,0,1
b283_z_100.png,b283,100,0
b283_z_200.png,b283,200,0
b283_z_300.png,b283,300,0
b284_z_-100.png,b284,-100,0
b284_z_-200.png,b284,-200,0
b284_z_-300.png,b284,-300,0
b284_z_0.png,b284,0,1
b284_z_100.png,b284,100,0
b284_z_200.png,b284,200,0
b284_z_300.png,b284,300,0
b285_z_-100.png,b285,-100,0
b285_z_-200.png,b285,-200,0
b285_z_-300.png,b285,-300,0
b285_z_0.png,b285,0,1
b285_z_100.png,b285,100,0
b285_z_200.png,b285,200,0
b285_z_300.png,b285,300,0
b286_z_-100.png,b286,-100,0
b286_z_-200.png,b286,-200,0
b286_z_-300.png,b286,-300,0
b286_z_0.png,b286,0,1
b286_z_100.png,b286,100,0
b286_z_200.png,b286,200,0
b286_z_300.png,b286,300,0
b287_z_-100.png,b287,-100,0
b287_z_-200.png,b287,-200,0
b287_z_-300.png,b287,-300,0
b287_z_0.png,b287,0,1
b287_z_100.png,b287,100,0
b287_z_200.png,b287,200,0
b287_z_300.png,b287,300,0
b288_z_-100.png,b288,-100,0
b288_z_-200.png,b288,-200,0
b288_z_-300.png,b288,-300,0
b288_z_0.png,b288,0,1
b288_z_100.png,b288,100,0
b288_z_200.png,b288,200,0
b288_z_300.png,b288,300,0
b289_z_-100.png,b289,-100,0
b289_z_-200.png,b289,-200,0
b289_z_-300.png,b289,-300,0
b289_z_0.png,b289,0,1
b289_z_100.png,b289,100,0
b289_z_200.png,b289,200,0
b289_z_300.png,b289,300,0
b28_z_-100.png,b28,-100,0
b28_z_-200.png,b28,-200,0
b28_z_-300.png,b28,-300,0
b28_z_0.png,b28,0,1
b28_z_100.png,b28,100,0
b28_z_200.png,b28,200,0
b28_z_300.png,b28,300,0
b290_z_-100.png,b290,-100,0
b290_z_-200.png,b290,-200,0
b290_z_-300.png,b290,-300,0
b290_z_0.png,b290,0,1
b290_z_100.png,b290,100,0
b290_z_200.png,b290,200,0
b290_z_300.png,b290,300,0
b291_z_-100.png,b291,-100,0
b291_z_-200.png,b291,-200,0
b291_z_-300.png,b291,-300,0
b291_z_0.png,b291,0,1
b291_z_100.png,b291,100,0
b291_z_200.png,b291,200,0
b291_z_300.png,b291,300,0
b292_z_-100.png,b292,-100,0
b292_z_-200.png,b292,-200,0
b292_z_-300.png,b292,-300,0
b292_z_0.png,b292,0,1
b292_z_100.png,b292,100,0
b292_z_200.png,b292,200,0
b292_z_300.png,b292,300,0
b293_z_-100.png,b293,-100,0
b293_z_-200.png,b293,-200,0
b293_z_-300.png,b293,-300,0
b293_z_0.png,b293,0,1
b293_z_100.png,b293,100,0
b293_z_200.png,b293,200,0
b293_z_300.png,b293,300,0
b294_z_-100.png,b294,-100,0
b294_z_-200.png,b294,-200,0
b294_z_-300.png,b294,-300,0
b294_z_0.png,b294,0,1
b294_z_100.png,b294,100,0
b294_z_200.png,b294,200,0
b294_z_300.png,b294,300,0
b295_z_-100.png,b295,-100,0
b295_z_-200.png,b295,-200,0
b295_z_-300.png,b295,-300,0
b295_z_0.png,b295,0,1
b295_z_100.png,b295,100,0
b295_z_200.png,b295,200,0
b295_z_300.png,b295,300,0
b296_z_-100.png,b296,-100,0
b296_z_-200.png,b296,-200,0
b296_z_-300.png,b296,-300,0
b296_z_0.png,b296,0,1
b296_z_100.png,b296,100,0
b296_z_200.png,b296,200,0
b296_z_300.png,b296,300,0
b297_z_-100.png,b297,-100,0
b297_z_-200.png,b297,-200,0
b297_z_-300.png,b297,-300,0
b297_z_0.png,b297,0,1
b297_z_100.png,b297,100,0
b297_z_200.png,b297,200,0
b297_z_300.png,b297,300,0
b298_z_-100.png,b298,-100,0
b298_z_-200.png,b298,-200,0
b298_z_-300.png,b298,-300,0
b298_z_0.png,b298,0,1
b298_z_100.png,b298,100,0
b298_z_200.png,b298,200,0
b298_z_300.png,b298,300,0
b299_z_-100.png,b299,-100,0
b299_z_-200.png,b299,-200,0
b299_z_-300.png,b299,-300,0
b299_z_0.png,b299,0,1
b299_z_100.png,b299,100,0
b299_z_200.png,b299,200,0
b299_z_300.png,b299,300,0
b29_z_-100.png,b29,-100,0
b29_z_-200.png,b29,-200,0
b29_z_-300.png,b29,-300,0
b29_z_0.png,b29,0,1
b29_z_100.png,b29,100,0
b29_z_200.png,b29,200,0
b29_z_300.png,b29,300,0
b300_z_-100.png,b300,-100,0
b300_z_-200.png,b300,-200,0
b300_z_-300.png,b300,-300,0
b300_z_0.png,b300,0,1
b300_z_100.png,b300,100,0
b300_z_200.png,b300,200,0
b300_z_300.png,b300,300,0
b301_z_-100.png,b301,-100,0
b301_z_-200.png,b301,-200,0
b301_z_-300.png,b301,-300,0
b301_z_0.png,b301,0,1
b301_z_100.png,b301,100,0
b301_z_200.png,b301,200,0
b301_z_300.png,b301,300,0
b302_z_-100.png,b302,-100,0
b302_z_-200.png,b302,-200,0
b302_z_-300.png,b302,-300,0
b302_z_0.png,b302,0,1
b302_z_100.png,b302,100,0
b302_z_200.png,b302,200,0
b302_z_300.png,b302,300,0
b303_z_-100.png,b303,-100,0
b303_z_-200.png,b303,-200,0
b303_z_-300.png,b303,-300,0
b303_z_0.png,b303,0,1
b303_z_100.png,b303,100,0
b303_z_200.png,b303,200,0
b303_z_300.png,b303,300,0
b304_z_-100.png,b304,-100,0
b304_z_-200.png,b304,-200,0
b304_z_-300.png,b304,-300,0
b304_z_0.png,b304,0,1
b304_z_100.png,b304,100,0
b304_z_200.png,b304,200,0
b304_z_300.png,b304,300,0
b305_z_-100.png,b305,-100,0
b305_z_-200.png,b305,-200,0
b305_z_-300.png,b305,-300,0
b305_z_0.png,b305,0,1
b305_z_100.png,b305,100,0
b305_z_200.png,b305,200,0
b305_z_300.png,b305,300,0
b306_z_-100.png,b306,-100,0
b306_z_-200.png,b306,-200,0
b306_z_-300.png,b306,-300,0
b306_z_0.png,b306,0,1
b306_z_100.png,b306,100,0
b306_z_200.png,b306,200,0
b306_z_300.png,b306,300,0
b307_z_-100.png,b307,-100,0
b307_z_-200.png,b307,-200,0
b307_z_-300.png,b307,-300,0
b307_z_0.png,b307,0,1
b307_z_100.png,b307,100,0
b307_z_200.png,b307,200,0
b307_z_300.png,b307,300,0
b308_z_-100.png,b308,-100,0
b308_z_-200.png,b308,-200,0
b308_z_-300.png,b308,-300,0
b308_z_0.png,b308,0,1
b308_z_100.png,b308,100,0
b308_z_200.png,b308,200,0
b308_z_300.png,b308,300,0
b309_z_-100.png,b309,-100,0
b309_z_-200.png,b309,-200,0
b309_z_-300.png,b309,-300,0
b309_z_0.png,b309,0,1
b309_z_100.png,b309,100,0
b309_z_200.png,b309,200,0
b309_z_300.png,b309,300,0
b30_z_-100.png,b30,-100,0
b30_z_-200.png,b30,-200,0
b30_z_-300.png,b30,-300,0
b30_z_0.png,b30,0,1
b30_z_100.png,b30,100,0
b30_z_200.png,b30,200,0
b30_z_300.png,b30,300,0
b310_z_-100.png,b310,-100,0
b310_z_-200.png,b310,-200,0
b310_z_-300.png,b310,-300,0
b310_z_0.png,b310,0,1
b310_z_100.png,b310,100,0
b310_z_200.png,b310,200,0
b310_z_300.png,b310,300,0
b311_z_-100.png,b311,-100,0
b311_z_-200.png,b311,-200,0
b311_z_-300.png,b311,-300,0
b311_z_0.png,b311,0,1
b311_z_100.png,b311,100,0
b311_z_200.png,b311,200,0
b311_z_300.png,b311,300,0
b31_z_-100.png,b31,-100,0
b31_z_-200.png,b31,-200,0
b31_z_-300.png,b31,-300,0
b31_z_0.png,b31,0,1
b31_z_100.png,b31,100,0
b31_z_200.png,b31,200,0
b31_z_300.png,b31,300,0
b32_z_-100.png,b32,-100,0
b32_z_-200.png,b32,-200,0
b32_z_-300.png,b32,-300,0
b32_z_0.png,b32,0,1
b32_z_100.png,b32,100,0
b32_z_200.png,b32,200,0
b32_z_300.png,b32,300,0
b33_z_-100.png,b33,-100,0
b33_z_-200.png,b33,-200,0
b33_z_-300.png,b33,-300,0
b33_z_0.png,b33,0,1
b33_z_100.png,b33,100,0
b33_z_200.png,b33,200,0
b33_z_300.png,b33,300,0
b34_z_-100.png,b34,-100,0
b34_z_-200.png,b34,-200,0
b34_z_-300.png,b34,-300,0
b34_z_0.png,b34,0,1
b34_z_100.png,b34,100,0
b34_z_200.png,b34,200,0
b34_z_300.png,b34,300,0
b35_z_-100.png,b35,-100,0
b35_z_-200.png,b35,-200,0
b35_z_-300.png,b35,-300,0
b35_z_0.png,b35,0,1
b35_z_100.png,b35,100,0
b35_z_200.png,b35,200,0
b35_z_300.png,b35,300,0
b36_z_-100.png,b36,-100,0
b36_z_-200.png,b36,-200,0
b36_z_-300.png,b36,-300,0
b36_z_0.png,b36,0,1
b36_z_100.png,b36,100,0
b36_z_200.png,b36,200,0
b36_z_300.png,b36,300,0
b37_z_-100.png,b37,-100,0
b37_z_-200.png,b37,-200,0
b37_z_-300.png,b37,-300,0
b37_z_0.png,b37,0,1
b37_z_100.png,b37,100,0
b37_z_200.png,b37,200,0
b37_z_300.png,b37,300,0
b38_z_-100.png,b38,-100,0
b38_z_-200.png,b38,-200,0
b38_z_-300.png,b38,-300,0
b38_z_0.png,b38,0,1
b38_z_100.png,b38,100,0
b38_z_200.png,b38,200,0
b38_z_300.png,b38,300,0
b39_z_-100.png,b39,-100,0
b39_z_-200.png,b39,-200,0
b39_z_-300.png,b39,-300,0
b39_z_0.png,b39,0,1
b39_z_100.png,b39,100,0
b39_z_200.png,b39,200,0
b39_z_300.png,b39,300,0
b3_z_-100.png,b3,-100,0
b3_z_-200.png,b3,-200,0
b3_z_-300.png,b3,-300,0
b3_z_0.png,b3,0,1
b3_z_100.png,b3,100,0
b3_z_200.png,b3,200,0
b3_z_300.png,b3,300,0
b40_z_-100.png,b40,-100,0
b40_z_-200.png,b40,-200,0
b40_z_-300.png,b40,-300,0
b40_z_0.png,b40,0,1
b40_z_100.png,b40,100,0
b40_z_200.png,b40,200,0
b40_z_300.png,b40,300,0
b41_z_-100.png,b41,-100,0
b41_z_-200.png,b41,-200,0
b41_z_-300.png,b41,-300,0
b41_z_0.png,b41,0,1
b41_z_100.png,b41,100,0
b41_z_200.png,b41,200,0
b41_z_300.png,b41,300,0
b42_z_-100.png,b42,-100,0
b42_z_-200.png,b42,-200,0
b42_z_-300.png,b42,-300,0
b42_z_0.png,b42,0,1
b42_z_100.png,b42,100,0
b42_z_200.png,b42,200,0
b42_z_300.png,b42,300,0
b43_z_-100.png,b43,-100,0
b43_z_-200.png,b43,-200,0
b43_z_-300.png,b43,-300,0
b43_z_0.png,b43,0,1
b43_z_100.png,b43,100,0
b43_z_200.png,b43,200,0
b43_z_300.png,b43,300,0
b44_z_-100.png,b44,-100,0
b44_z_-200.png,b44,-200,0
b44_z_-300.png,b44,-300,0
b44_z_0.png,b44,0,1
b44_z_100.png,b44,100,0
b44_z_200.png,b44,200,0
b44_z_300.png,b44,300,0
b46_z_-100.png,b46,-100,0
b46_z_-200.png,b46,-200,0
b46_z_-300.png,b46,-300,0
b46_z_0.png,b46,0,1
b46_z_100.png,b46,100,0
b46_z_200.png,b46,200,0
b46_z_300.png,b46,300,0
b47_z_-100.png,b47,-100,0
b47_z_-200.png,b47,-200,0
b47_z_-300.png,b47,-300,0
b47_z_0.png,b47,0,1
b47_z_100.png,b47,100,0
b47_z_200.png,b47,200,0
b47_z_300.png,b47,300,0
b48_z_-100.png,b48,-100,0
b48_z_-200.png,b48,-200,0
b48_z_-300.png,b48,-300,0
b48_z_0.png,b48,0,1
b48_z_100.png,b48,100,0
b48_z_200.png,b48,200,0
b48_z_300.png,b48,300,0
b49_z_-100.png,b49,-100,0
b49_z_-200.png,b49,-200,0
b49_z_-300.png,b49,-300,0
b49_z_0.png,b49,0,1
b49_z_100.png,b49,100,0
b49_z_200.png,b49,200,0
b49_z_300.png,b49,300,0
b4_z_-100.png,b4,-100,0
b4_z_-200.png,b4,-200,0
b4_z_-300.png,b4,-300,0
b4_z_0.png,b4,0,1
b4_z_100.png,b4,100,0
b4_z_200.png,b4,200,0
b4_z_300.png,b4,300,0
b50_z_-100.png,b50,-100,0
b50_z_-200.png,b50,-200,0
b50_z_-300.png,b50,-300,0
b50_z_0.png,b50,0,1
b50_z_100.png,b50,100,0
b50_z_200.png,b50,200,0
b50_z_300.png,b50,300,0
b51_z_-100.png,b51,-100,0
b51_z_-200.png,b51,-200,0
b51_z_-300.png,b51,-300,0
b51_z_0.png,b51,0,1
b51_z_100.png,b51,100,0
b51_z_200.png,b51,200,0
b51_z_300.png,b51,300,0
b52_z_-100.png,b52,-100,0
b52_z_-200.png,b52,-200,0
b52_z_-300.png,b52,-300,0
b52_z_0.png,b52,0,1
b52_z_100.png,b52,100,0
b52_z_200.png,b52,200,0
b52_z_300.png,b52,300,0
b53_z_-100.png,b53,-100,0
b53_z_-200.png,b53,-200,0
b53_z_-300.png,b53,-300,0
b53_z_0.png,b53,0,1
b53_z_100.png,b53,100,0
b53_z_200.png,b53,200,0
b53_z_300.png,b53,300,0
b54_z_-100.png,b54,-100,0
b54_z_-200.png,b54,-200,0
b54_z_-300.png,b54,-300,0
b54_z_0.png,b54,0,1
b54_z_100.png,b54,100,0
b54_z_200.png,b54,200,0
b54_z_300.png,b54,300,0
b55_z_-100.png,b55,-100,0
b55_z_-200.png,b55,-200,0
b55_z_-300.png,b55,-300,0
b55_z_0.png,b55,0,1
b55_z_100.png,b55,100,0
b55_z_200.png,b55,200,0
b55_z_300.png,b55,300,0
b56_z_-100.png,b56,-100,0
b56_z_-200.png,b56,-200,0
b56_z_-300.png,b56,-300,0
b56_z_0.png,b56,0,1
b56_z_100.png,b56,100,0
b56_z_200.png,b56,200,0
b56_z_300.png,b56,300,0
b57_z_-100.png,b57,-100,0
b57_z_-200.png,b57,-200,0
b57_z_-300.png,b57,-300,0
b57_z_0.png,b57,0,1
b57_z_100.png,b57,100,0
b57_z_200.png,b57,200,0
b57_z_300.png,b57,300,0
b58_z_-100.png,b58,-100,0
b58_z_-200.png,b58,-200,0
b58_z_-300.png,b58,-300,0
b58_z_0.png,b58,0,1
b58_z_100.png,b58,100,0
b58_z_200.png,b58,200,0
b58_z_300.png,b58,300,0
b59_z_-100.png,b59,-100,0
b59_z_-200.png,b59,-200,0
b59_z_-300.png,b59,-300,0
b59_z_0.png,b59,0,1
b59_z_100.png,b59,100,0
b59_z_200.png,b59,200,0
b59_z_300.png,b59,300,0
b5_z_-100.png,b5,-100,0
b5_z_-200.png,b5,-200,0
b5_z_-300.png,b5,-300,0
b5_z_0.png,b5,0,1
b5_z_100.png,b5,100,0
b5_z_200.png,b5,200,0
b5_z_300.png,b5,300,0
b60_z_-100.png,b60,-100,0
b60_z_-200.png,b60,-200,0
b60_z_-300.png,b60,-300,0
b60_z_0.png,b60,0,1
b60_z_100.png,b60,100,0
b60_z_200.png,b60,200,0
b60_z_300.png,b60,300,0
b61_z_-100.png,b61,-100,0
b61_z_-200.png,b61,-200,0
b61_z_-300.png,b61,-300,0
b61_z_0.png,b61,0,1
b61_z_100.png,b61,100,0
b61_z_200.png,b61,200,0
b61_z_300.png,b61,300,0
b62_z_-100.png,b62,-100,0
b62_z_-200.png,b62,-200,0
b62_z_-300.png,b62,-300,0
b62_z_0.png,b62,0,1
b62_z_100.png,b62,100,0
b62_z_200.png,b62,200,0
b62_z_300.png,b62,300,0
b63_z_-100.png,b63,-100,0
b63_z_-200.png,b63,-200,0
b63_z_-300.png,b63,-300,0
b63_z_0.png,b63,0,1
b63_z_100.png,b63,100,0
b63_z_200.png,b63,200,0
b63_z_300.png,b63,300,0
b64_z_-100.png,b64,-100,0
b64_z_-200.png,b64,-200,0
b64_z_-300.png,b64,-300,0
b64_z_0.png,b64,0,1
b64_z_100.png,b64,100,0
b64_z_200.png,b64,200,0
b64_z_300.png,b64,300,0
b65_z_-100.png,b65,-100,0
b65_z_-200.png,b65,-200,0
b65_z_-300.png,b65,-300,0
b65_z_0.png,b65,0,1
b65_z_100.png,b65,100,0
b65_z_200.png,b65,200,0
b65_z_300.png,b65,300,0
b66_z_-100.png,b66,-100,0
b66_z_-200.png,b66,-200,0
b66_z_-300.png,b66,-300,0
b66_z_0.png,b66,0,1
b66_z_100.png,b66,100,0
b66_z_200.png,b66,200,0
b66_z_300.png,b66,300,0
b67_z_-100.png,b67,-100,0
b67_z_-200.png,b67,-200,0
b67_z_-300.png,b67,-300,0
b67_z_0.png,b67,0,1
b67_z_100.png,b67,100,0
b67_z_200.png,b67,200,0
b67_z_300.png,b67,300,0
b68_z_-100.png,b68,-100,0
b68_z_-200.png,b68,-200,0
b68_z_-300.png,b68,-300,0
b68_z_0.png,b68,0,1
b68_z_100.png,b68,100,0
b68_z_200.png,b68,200,0
b68_z_300.png,b68,300,0
b69_z_-100.png,b69,-100,0
b69_z_-200.png,b69,-200,0
b69_z_-300.png,b69,-300,0
b69_z_0.png,b69,0,1
b69_z_100.png,b69,100,0
b69_z_200.png,b69,200,0
b69_z_300.png,b69,300,0
b6_z_-100.png,b6,-100,0
b6_z_-200.png,b6,-200,0
b6_z_-300.png,b6,-300,0
b6_z_0.png,b6,0,1
b6_z_100.png,b6,100,0
b6_z_200.png,b6,200,0
b6_z_300.png,b6,300,0
b70_z_-100.png,b70,-100,0
b70_z_-200.png,b70,-200,0
b70_z_-300.png,b70,-300,0
b70_z_0.png,b70,0,1
b70_z_100.png,b70,100,0
b70_z_200.png,b70,200,0
b70_z_300.png,b70,300,0
b71_z_-100.png,b71,-100,0
b71_z_-200.png,b71,-200,0
b71_z_-300.png,b71,-300,0
b71_z_0.png,b71,0,1
b71_z_100.png,b71,100,0
b71_z_200.png,b71,200,0
b71_z_300.png,b71,300,0
b72_z_-100.png,b72,-100,0
b72_z_-200.png,b72,-200,0
b72_z_-300.png,b72,-300,0
b72_z_0.png,b72,0,1
b72_z_100.png,b72,100,0
b72_z_200.png,b72,200,0
b72_z_300.png,b72,300,0
b73_z_-100.png,b73,-100,0
b73_z_-200.png,b73,-200,0
b73_z_-300.png,b73,-300,0
b73_z_0.png,b73,0,1
b73_z_100.png,b73,100,0
b73_z_200.png,b73,200,0
b73_z_300.png,b73,300,0
b75_z_-100.png,b75,-100,0
b75_z_-200.png,b75,-200,0
b75_z_-300.png,b75,-300,0
b75_z_0.png,b75,0,1
b75_z_100.png,b75,100,0
b75_z_200.png,b75,200,0
b75_z_300.png,b75,300,0
b76_z_-100.png,b76,-100,0
b76_z_-200.png,b76,-200,0
b76_z_-300.png,b76,-300,0
b76_z_0.png,b76,0,1
b76_z_100.png,b76,100,0
b76_z_200.png,b76,200,0
b76_z_300.png,b76,300,0
b77_z_-100.png,b77,-100,0
b77_z_-200.png,b77,-200,0
b77_z_-300.png,b77,-300,0
b77_z_0.png,b77,0,1
b77_z_100.png,b77,100,0
b77_z_200.png,b77,200,0
b77_z_300.png,b77,300,0
b78_z_-100.png,b78,-100,0
b78_z_-200.png,b78,-200,0
b78_z_-300.png,b78,-300,0
b78_z_0.png,b78,0,1
b78_z_100.png,b78,100,0
b78_z_200.png,b78,200,0
b78_z_300.png,b78,300,0
b79_z_-100.png,b79,-100,0
b79_z_-200.png,b79,-200,0
b79_z_-300.png,b79,-300,0
b79_z_0.png,b79,0,1
b79_z_100.png,b79,100,0
b79_z_200.png,b79,200,0
b79_z_300.png,b79,300,0
b7_z_-100.png,b7,-100,0
b7_z_-200.png,b7,-200,0
b7_z_-300.png,b7,-300,0
b7_z_0.png,b7,0,1
b7_z_100.png,b7,100,0
b7_z_200.png,b7,200,0
b7_z_300.png,b7,300,0
b80_z_-100.png,b80,-100,0
b80_z_-200.png,b80,-200,0
b80_z_-300.png,b80,-300,0
b80_z_0.png,b80,0,1
b80_z_100.png,b80,100,0
b80_z_200.png,b80,200,0
b80_z_300.png,b80,300,0
b81_z_-100.png,b81,-100,0
b81_z_-200.png,b81,-200,0
b81_z_-300.png,b81,-300,0
b81_z_0.png,b81,0,1
b81_z_100.png,b81,100,0
b81_z_200.png,b81,200,0
b81_z_300.png,b81,300,0
b82_z_-100.png,b82,-100,0
b82_z_-200.png,b82,-200,0
b82_z_-300.png,b82,-300,0
b82_z_0.png,b82,0,1
b82_z_100.png,b82,100,0
b82_z_200.png,b82,200,0
b82_z_300.png,b82,300,0
b83_z_-100.png,b83,-100,0
b83_z_-200.png,b83,-200,0
b83_z_-300.png,b83,-300,0
b83_z_0.png,b83,0,1
b83_z_100.png,b83,100,0
b83_z_200.png,b83,200,0
b83_z_300.png,b83,300,0
b84_z_-100.png,b84,-100,0
b84_z_-200.png,b84,-200,0
b84_z_-300.png,b84,-300,0
b84_z_0.png,b84,0,1
b84_z_100.png,b84,100,0
b84_z_200.png,b84,200,0
b84_z_300.png,b84,300,0
b85_z_-100.png,b85,-100,0
b85_z_-200.png,b85,-200,0
b85_z_-300.png,b85,-300,0
b85_z_0.png,b85,0,1
b85_z_100.png,b85,100,0
b85_z_200.png,b85,200,0
b85_z_300.png,b85,300,0
b86_z_-100.png,b86,-100,0
b86_z_-200.png,b86,-200,0
b86_z_-300.png,b86,-300,0
b86_z_0.png,b86,0,1
b86_z_100.png,b86,100,0
b86_z_200.png,b86,200,0
b86_z_300.png,b86,300,0
b87_z_-100.png,b87,-100,0
b87_z_-200.png,b87,-200,0
b87_z_-300.png,b87,-300,0
b87_z_0.png,b87,0,1
b87_z_100.png,b87,100,0
b87_z_200.png,b87,200,0
b87_z_300.png,b87,300,0
b88_z_-100.png,b88,-100,0
b88_z_-200.png,b88,-200,0
b88_z_-300.png,b88,-300,0
b88_z_0.png,b88,0,1
b88_z_100.png,b88,100,0
b88_z_200.png,b88,200,0
b88_z_300.png,b88,300,0
b89_z_-100.png,b89,-100,0
b89_z_-200.png,b89,-200,0
b89_z_-300.png,b89,-300,0
b89_z_0.png,b89,0,1
b89_z_100.png,b89,100,0
b89_z_200.png,b89,200,0
b89_z_300.png,b89,300,0
b8_z_-100.png,b8,-100,0
b8_z_-200.png,b8,-200,0
b8_z_-300.png,b8,-300,0
b8_z_0.png,b8,0,1
b8_z_100.png,b8,100,0
b8_z_200.png,b8,200,0
b8_z_300.png,b8,300,0
b90_z_-100.png,b90,-100,0
b90_z_-200.png,b90,-200,0
b90_z_-300.png,b90,-300,0
b90_z_0.png,b90,0,1
b90_z_100.png,b90,100,0
b90_z_200.png,b90,200,0
b90_z_300.png,b90,300,0
b91_z_-100.png,b91,-100,0
b91_z_-200.png,b91,-200,0
b91_z_-300.png,b91,-300,0
b91_z_0.png,b91,0,1
b91_z_100.png,b91,100,0
b91_z_200.png,b91,200,0
b91_z_300.png,b91,300,0
b92_z_-100.png,b92,-100,0
b92_z_-200.png,b92,-200,0
b92_z_-300.png,b92,-300,0
b92_z_0.png,b92,0,1
b92_z_100.png,b92,100,0
b92_z_200.png,b92,200,0
b92_z_300.png,b92,300,0
b93_z_-100.png,b93,-100,0
b93_z_-200.png,b93,-200,0
b93_z_-300.png,b93,-300,0
b93_z_0.png,b93,0,1
b93_z_100.png,b93,100,0
b93_z_200.png,b93,200,0
b93_z_300.png,b93,300,0
b94_z_-100.png,b94,-100,0
b94_z_-200.png,b94,-200,0
b94_z_-300.png,b94,-300,0
b94_z_0.png,b94,0,1
b94_z_100.png,b94,100,0
b94_z_200.png,b94,200,0
b94_z_300.png,b94,300,0
b95_z_-100.png,b95,-100,0
b95_z_-200.png,b95,-200,0
b95_z_-300.png,b95,-300,0
b95_z_0.png,b95,0,1
b95_z_100.png,b95,100,0
b95_z_200.png,b95,200,0
b95_z_300.png,b95,300,0
b96_z_-100.png,b96,-100,0
b96_z_-200.png,b96,-200,0
b96_z_-300.png,b96,-300,0
b96_z_0.png,b96,0,1
b96_z_100.png,b96,100,0
b96_z_200.png,b96,200,0
b96_z_300.png,b96,300,0
b97_z_-100.png,b97,-100,0
b97_z_-200.png,b97,-200,0
b97_z_-300.png,b97,-300,0
b97_z_0.png,b97,0,1
b97_z_100.png,b97,100,0
b97_z_200.png,b97,200,0
b97_z_300.png,b97,300,0
b98_z_-100.png,b98,-100,0
b98_z_-200.png,b98,-200,0
b98_z_-300.png,b98,-300,0
b98_z_0.png,b98,0,1
b98_z_100.png,b98,100,0
b98_z_200.png,b98,200,0
b98_z_300.png,b98,300,0
b99_z_-100.png,b99,-100,0
b99_z_-200.png,b99,-200,0
b99_z_-300.png,b99,-300,0
b99_z_0.png,b99,0,1
b99_z_100.png,b99,100,0
b99_z_200.png,b99,200,0
b99_z_300.png,b99,300,0
b9_z_-100.png,b9,-100,0
b9_z_-200.png,b9,-200,0
b9_z_-300.png,b9,-300,0
b9_z_0.png,b9,0,1
b9_z_100.png,b9,100,0
b9_z_200.png,b9,200,0
b9_z_300.png,b9,300,0
